structure_number,highway,place_code_004,features_desc_006a,facility_carried_007,location_009,lat_016,long_017,latitude,longitude,"(lat,lon)"
524,19,61000,LR 766-I 279            ,MCNEILLY ROAD     ,SW09   SAW MILL RUN NO. 9,40224080,80001440,40.37800000,-80.00400000,"(40.378,-80.004)"
526,19,61000,I 279-PARKWAY WEST      ,LIBRARY RD        ,300N.E. OF MCNEILLY RD  ',40224250,80001019,40.37847222,-80.00283056,"(40.3784722222222,-80.0028305555556)"
531,51,61000,SAW MILL RUN            ,SAW MILL RUN BL   ,125 SOUTH OF PROVOST RD.',40224520,79593783,40.37922222,-79.99384167,"(40.3792222222222,-79.9938416666667)"
533,19,61000,65 NB&SB RAMP H & RAMP C,GANGES WY         ,301038 AT CALERA ST      ,40224770,79560470,40.37991667,-79.93463889,"(40.3799166666667,-79.9346388888889)"
535,19,61000,OHIO RIVER  CSX RR      ,SAW MILL RUN BL   ,250 SOUTHEAST OF SR 0088',40225260,79594427,40.38127778,-79.99563056,"(40.3812777777778,-79.9956305555556)"
570,0,61000,PA 28 EB&WB RAMP H EB   ,LIBRARY RD        ,PITTSBURGH @ 51&88       ,40225550,79594640,40.38208333,-79.99622222,"(40.3820833333333,-79.9962222222222)"
572,28,61000,MADISON AVENUE CITY PGH ,JUGHANDLE         ,51/88 INTERCHANGE JUGHAND,40225562,79594560,40.38211667,-79.99600000,"(40.3821166666667,-79.996)"
735,51,61000,WEYMAN RUN              ,CALERA ST         ,301014 IN HAYS   #1      ,40225850,79555870,40.38291667,-79.93297222,"(40.3829166666667,-79.9329722222222)"
738,51,61000,SAW MILL RUN            ,HILLBURNE ST      ,301144 OVER IRWINS RUN   ,40230000,79560600,40.38333333,-79.93500000,"(40.3833333333333,-79.935)"
739,51,61000,SAW MILL RUN            ,LEBANON RD        ,1/2 MI. N.W.OF SR2045    ,40230260,79555568,40.38405556,-79.93213333,"(40.3840555555556,-79.9321333333333)"
748,51,61000,FILL AREA               ,RAMP ST           ,SZ02   STREETS RUN #2    ,40231200,79555784,40.38666667,-79.93273333,"(40.3866666666667,-79.9327333333333)"
763,19,61000,SAW MILL RUN            ,MIFFLIN RD        ,NEAR GLENWOOD INTERCHANGE,40232180,79560375,40.38938889,-79.93437500,"(40.3893888888889,-79.934375)"
765,60,61000,SAW MILL RUN            ,GLASS RUN RD      ,NEAR GLENWOOD INTERCHANGE,40232220,79561730,40.38950000,-79.93813889,"(40.3895,-79.9381388888889)"
768,60,61000,P&O RR  CHARTIERS C ROAD,GLASS RUN RD      ,NEAR SR 3100             ,40232230,79562775,40.38952778,-79.94104167,"(40.3895277777778,-79.9410416666667)"
801,65,61000,SR 65 SB VARIOUS ST ALLY,GLASS RUN RD      ,1 1/2 MI FROM GLNWOOD INT,40232260,79572025,40.38961111,-79.95562500,"(40.3896111111111,-79.955625)"
803,65,61000,TUNNEL REEDSDALE- Ridge ,MIFFLIN RD        ,AT GLENWOOD INTERCHANGE  ,40232990,79560425,40.39163889,-79.93451389,"(40.3916388888889,-79.9345138888889)"
809,65,61000,FONTELLA ST.            ,MIFFLIN RD        ,GLENWOOD INTERCHANGE     ,40233460,79560597,40.39294444,-79.93499167,"(40.3929444444444,-79.9349916666667)"
813,65,61000,ALLEHGHENY AV.& RP.B SB ,GLENWOOD BR       ,MA08   GLENWOOD BRIDGE   ,40233690,79560625,40.39358333,-79.93506944,"(40.3935833333333,-79.9350694444445)"
815,65,61000,FONTELLA ST.            ,ANSONIA PL        ,301006 AT RT 51 SOUTH    ,40234020,79595110,40.39450000,-79.99752778,"(40.3945,-79.9975277777778)"
820,65,61000,BEAVER AVE.TURNAROUND   ,SAW MILL RUN BL   ,AT WHITED STREET         ,40234550,79595341,40.39597222,-79.99816944,"(40.3959722222222,-79.9981694444444)"
826,65,61000,STATE RAMPS RR. CHATEAU ,COLERAIN ST       ,SW06 SAW MILL RUN NO. 6  ,40234650,79595290,40.39625000,-79.99802778,"(40.39625,-79.9980277777778)"
931,88,61000,SAW MILL RUN            ,SR 51 SAW MILL RUN,NEAR EDGEBROOK AVE       ,40240430,80000181,40.40119444,-80.00050278,"(40.4011944444444,-80.0005027777778)"
999,376,61000,BANKSVILLE RD. S.B.     ,EDGEBROOK AV      ,301028 AT ROUTE 51       ,40240600,80001200,40.40166667,-80.00333333,"(40.4016666666667,-80.0033333333333)"
1006,376,61000,SAW MILL RUN            ,BECKS RUN RD      ,BC06  BECKS RUN NO.6    ',40240940,79584225,40.40261111,-79.97840278,"(40.4026111111111,-79.9784027777778)"
1014,279,61000,RAMPS 8041 8039 Q A B   ,FRANUM ST         ,301036 AT RT 51          ,40242180,80001410,40.40605556,-80.00391667,"(40.4060555555556,-80.0039166666667)"
1018,279,61000,WALKWAY TO POINT ST PARK,ELIZABETH ST      ,301029 OFF 2ND AVE       ,40242400,79564200,40.40666667,-79.94500000,"(40.4066666666667,-79.945)"
1019,376,61000,MON R NS RR LR 736      ,BECKS RUN RD      ,BC03   BECKS RUN NO. 3   ,40243200,79575110,40.40888889,-79.96419444,"(40.4088888888889,-79.9641944444444)"
1020,279,61000,POINT ST PARK MON RIVER ,BECKS RUN RD      ,BC01   BECKS RUN NO. 1   ,40243600,79573600,40.41000000,-79.96000000,"(40.41,-79.96)"
1022,279,61000,SR279 SB RP SR 8041 RP D,BAJO ST           ,BC02   BECKS RUN NO. 2   ,40243600,79574800,40.41000000,-79.96333333,"(40.41,-79.9633333333333)"
1023,279,61000,FT DUQ BR SB ALLEG RVR  ,HOMESTD HIGHLVL BR,MA12   HOMESTEAD HIGH LEV,40243853,79550700,40.41070278,-79.91861111,"(40.4107027777778,-79.9186111111111)"
1027,279,61000,I-279 NB RAMP D ALLGY RI,TIMBERLAND AV     ,301113 OFF RT 51 S       ,40243900,80002600,40.41083333,-80.00722222,"(40.4108333333333,-80.0072222222222)"
1028,279,61000,SR 0279SB               ,EADS ST           ,301027 OFF PARKWOOD      ,40244430,79580640,40.41230556,-79.96844444,"(40.4123055555556,-79.9684444444444)"
1041,0,61000,I279 I579 NB&SB HOV     ,SAW MILL RUN BL   ,0.1 MILE S.LIBERTY TUNNEL,40245000,80003500,40.41388889,-80.00972222,"(40.4138888888889,-80.0097222222222)"
1042,0,61000,I279 I579 NB&SB  HOV    ,WEST LIBERTY AV   ,@ S END OF LIBERTY TUNNEL,40245180,80003370,40.41438889,-80.00936111,"(40.4143888888889,-80.0093611111111)"
1047,0,61000,I279 NB&SB HOV&RAMP-S   ,SECOND AV         ,301093 OVER 9 MILE RUN   ,40245500,79545610,40.41527778,-79.91558333,"(40.4152777777778,-79.9155833333333)"
1056,279,61000,SUFFOLK ST.             ,SMITHFIELD ST     ,STATION SQUARE           ,40250000,80000000,40.41666667,-80.00000000,"(40.4166666666667,-80)"
1060,0,61000,I-279(LR 1021)NB SB&HOV ,CRANE AV          ,301023 CRANE AVE AT RT 51,40250000,80010000,40.41666667,-80.01666667,"(40.4166666666667,-80.0166666666667)"
1062,0,61000,I-279(LR 1021-3)        ,SR 885            ,NEAR JUMONVILLE ST.      ,40250000,79590000,40.41666667,-79.98333333,"(40.4166666666667,-79.9833333333333)"
1068,279,61000,LR805 RAMP J LR02302 HOV,SR 885            ,NEAR GIST STREET         ,40250000,79585000,40.41666667,-79.98055556,"(40.4166666666667,-79.9805555555556)"
1069,279,61000,SR 4003 4009  & RAMP J  ,RAMP E  SR 8151   ,.1 MILE S. LIBERTY TUNNEL,40251000,80000000,40.41944444,-80.00000000,"(40.4194444444444,-80)"
1116,376,61000,MON RIVER & WARF  376 WB,PRKWY CENT RAMP RD,0.4 MI. S.E. OF SR 0121  ,40251200,80021800,40.42000000,-80.03833333,"(40.42,-80.0383333333333)"
1120,376,61000,LR1039 RP A(F) MON RIVER,MCARDLE RDWY      ,301064 MCARDLE RDWY #1   ,40251800,79593000,40.42166667,-79.99166667,"(40.4216666666667,-79.9916666666667)"
1133,376,61000,ABDN RR 2ND AVE 10TH ST ,MISSION ST        ,301060 MISSION ST EAST   ,40252400,79583000,40.42333333,-79.97500000,"(40.4233333333333,-79.975)"
1137,376,61000,SECOND AVE.             ,MISSION ST        ,301061 MISSION ST WEST   ,40252400,79583600,40.42333333,-79.97666667,"(40.4233333333333,-79.9766666666667)"
1143,376,61000,BRADY STREET& PED. TRAIL,PENN LINCOLN PY   ,OVER SR 0019 SOUTHBOUND  ,40252840,80014970,40.42455556,-80.03047222,"(40.4245555555555,-80.0304722222222)"
1145,376,61000,BRADY STREET            ,RAMP E RD         ,RP.E O/BANKSVILLE RD. NB ,40252840,80014970,40.42455556,-80.03047222,"(40.4245555555555,-80.0304722222222)"
1152,376,61000,BATES ST                ,SOUTH TWELFTH ST  ,301104 12TH ST-SOUTH SIDE,40253000,79590600,40.42500000,-79.98500000,"(40.425,-79.985)"
1153,376,61000,LR 763 RAMP B           ,I-376 WB OFF RP M ,AT ARMSTRONG TUNNEL      ,40253000,79573000,40.42500000,-79.95833333,"(40.425,-79.9583333333333)"
1157,376,61000,CSX RR SWINEBURN FRAZIER,SR 376 SH         ,PITTSBURGH-COMMERCIAL ST.,40253140,79542820,40.42538889,-79.90783333,"(40.4253888888889,-79.9078333333333)"
1159,376,61000,SALINE STREET           ,TR 51 S.B.        ,400S.W.OF FT.PITT TUNNEL',40253170,80015259,40.42547222,-80.03127500,"(40.4254722222222,-80.031275)"
1163,376,61000,FORWARD AVE  RAMP H     ,PARKWAY EAST      ,PGH OVER RAMP B          ,40253450,79533656,40.42625000,-79.89348889,"(40.42625,-79.8934888888889)"
1167,376,61000,COMMERCIAL ST. & NINE MI,MURRAY AV         ,301066 OV BEECHWOOD BLVD ,40253600,79553600,40.42666667,-79.92666667,"(40.4266666666667,-79.9266666666667)"
1170,376,61000,LR 763 RAMP B           ,FRAZIER ST        ,301110 SWINBURNE BRIDGE  ,40253600,79570000,40.42666667,-79.95000000,"(40.4266666666667,-79.95)"
1217,380,61000,7TH AVE                 ,RAMP H RD         ,1039 RP.H NB TO FT.DUQ.BR,40253600,80003000,40.42666667,-80.00833333,"(40.4266666666667,-80.0083333333333)"
1219,380,61000,7th Ave. over I-579     ,HOT METAL STREET  ,301147 GATEWAY BLVD / CSX,40253600,79574400,40.42666667,-79.96222222,"(40.4266666666667,-79.9622222222222)"
1222,380,61000,LR 1026 NB&SB RAMP B    ,PARKWAYM EAST     ,UNDER W POTAL/SQ HILL TN ,40253600,79550600,40.42666667,-79.91833333,"(40.4266666666667,-79.9183333333333)"
1229,380,61000,CSX RR PAT EAST BUSWAY  ,PARKWAY EAST SH   ,FRAZIER STREET           ,40253870,79571211,40.42741667,-79.95336389,"(40.4274166666667,-79.9533638888889)"
1230,380,61000,N-S RR  PAT EAST BUSWAY ,PARKWAY EAST      ,OVER FORWARD AVE         ,40254200,79550000,40.42833333,-79.91666667,"(40.4283333333333,-79.9166666666667)"
1234,579,61000,FIFTH AVE               ,RAMP F RD         ,PITTSBURGH-RAMP F OVER G ,40254200,79554200,40.42833333,-79.92833333,"(40.4283333333333,-79.9283333333333)"
1235,0,61000,I-579  CROSSTOWN        ,GREENFIELD RD     ,301039 GREENFIELD AV/PKWY,40254200,79561800,40.42833333,-79.93833333,"(40.4283333333333,-79.9383333333333)"
1236,0,61000,I-579                   ,PJ McARDLE ROADWAY,301065 MCARDLE ROADWAY #2,40254200,79595400,40.42833333,-79.99833333,"(40.4283333333333,-79.9983333333333)"
1237,579,61000,FIFTH AVE               ,SQ HL EXIT RP AD  ,SQRL HILL RAMP A-D       ,40254200,79554200,40.42833333,-79.92833333,"(40.4283333333333,-79.9283333333333)"
1240,579,61000,7TH AVE RAMP D          ,RAMP E RD         ,SQUIRREL HILL INTERCHANGE,40254200,79554200,40.42833333,-79.92833333,"(40.4283333333333,-79.9283333333333)"
1241,579,61000,N-S RR PAT LRT PAT EBSWY,HOT METAL STREET  ,301145 MON-CONN BRIDGE   ,40254200,79573700,40.42833333,-79.96027778,"(40.4283333333333,-79.9602777777778)"
1244,579,61000,ALLEGHENY RIVER         ,TR 19 N.B.        ,350S.W.OF FT.PITT TUNNEL',40254360,80014687,40.42877778,-80.02968611,"(40.4287777777778,-80.0296861111111)"
1245,579,61000,N-S RR PAT LRT PAT EBSWY,OAKWOOD RD        ,OK03   OAKWOOD RUN NO. 3 ,40254470,80035840,40.42908333,-80.06622222,"(40.4290833333333,-80.0662222222222)"
1248,579,61000,SR28  8108 EAST OHIO ST.,Blvd Al.Ramp      ,Blvd.of Alies to Lib. Br ,40254500,79595700,40.42916667,-79.99916667,"(40.4291666666667,-79.9991666666667)"
1254,579,61000,279 28 HOV N&S RR E.OHIO,Liberty Br. ramp  ,Liberty Br.to Blvd. Alies,40254500,79595700,40.42916667,-79.99916667,"(40.4291666666667,-79.9991666666667)"
1286,837,61000,RPS. C&D RP.CARSON LOCAL,LIBERTY BR        ,LIBERTY BRIDGE           ,40254550,79595694,40.42930556,-79.99915000,"(40.4293055555556,-79.99915)"
1294,837,61000,W. CARSON ST.  SR 3106  ,BIRMINGHAM BRIDGE ,BIRMINGHAM BRIDGE        ,40254780,79582627,40.42994444,-79.97396389,"(40.4299444444444,-79.9739638888889)"
1302,885,61000,BALDWIN RD RR RAMP ST CR,PENN LINCOLN PY   ,PARKWAY EAST O/BATES ST  ,40254800,79573000,40.43000000,-79.95833333,"(40.43,-79.9583333333333)"
1304,885,61000,SR 3098(GLASS RN ROAD)  ,MCARDLE RDWY RD   ,301053 P.J. MCARDLE RDWY ,40254800,80000600,40.43000000,-80.00166667,"(40.43,-80.0016666666667)"
1307,885,61000,SR 8059                 ,PARKWAY WEST      ,750 SW / FT PITT TUNNELS',40254920,80013660,40.43033333,-80.02683333,"(40.4303333333333,-80.0268333333333)"
1309,885,61000,SR 8059(RAMP A)         ,SYCAMORE ST       ,301123 SYCAMORE ST (PGH) ,40255000,80000900,40.43055556,-80.00250000,"(40.4305555555556,-80.0025)"
1310,885,61000,MON R 3 RRS CARSON ST   ,RAMP C RD         ,TR 51 SB RP TO PKWY WEST ,40255100,80014020,40.43083333,-80.02783333,"(40.4308333333333,-80.0278333333333)"
1320,885,61000,Forbes RAMPS E&F LOCAL  ,RAMP A RD         ,BEHIND FORT PITT GARAGE  ,40255160,80014130,40.43100000,-80.02813889,"(40.431,-80.0281388888889)"
1321,885,61000,RAMP R 02266 RPS. FORBES,SHALER ST         ,301097 IN WEST END       ,40255730,80014780,40.43258333,-80.02994444,"(40.4325833333333,-80.0299444444444)"
1322,885,61000,CLIFF                   ,TENTH STREET BR   ,MA11   SOUTH 10TH ST BRDG,40255750,79592070,40.43263889,-79.98908333,"(40.4326388888889,-79.9890833333333)"
1324,885,61000,CLIFF                   ,SHALER ST         ,1/4 MI. N.W. OF SR 0279  ,40255940,80014396,40.43316667,-80.02887778,"(40.4331666666667,-80.0288777777778)"
1325,885,61000,CLIFF                   ,SAW MILL RUN BL   ,19&51 SB @ W.END CIRCLE  ,40260000,80010000,40.43333333,-80.01666667,"(40.4333333333333,-80.0166666666667)"
1380,0,61000,N & S RR  ALLEGH R      ,PARKWAY CENT SH   ,OVER B & O R R & BRADY ST,40260000,79580000,40.43333333,-79.96666667,"(40.4333333333333,-79.9666666666667)"
1640,0,61000,MON RIVER  CSX RR       ,PARKWAY EAST      ,I376 W.B.O/BRADY ST.     ,40260000,79580000,40.43333333,-79.96666667,"(40.4333333333333,-79.9666666666667)"
1642,0,61000,PKWY E RP T TRAIL 2ND AV,PENN LINCOLN PKWY.,BATES ST. INTERCHANGE    ,40260000,79573000,40.43333333,-79.95833333,"(40.4333333333333,-79.9583333333333)"
1655,0,61000,LR 763 RAMP G           ,PENN LINCOLN PY   ,SALINE ST BRIDGE         ,40260000,79573000,40.43333333,-79.95833333,"(40.4333333333333,-79.9583333333333)"
1672,0,61000,ALLEG.RIV. RRS LOCALS  ',CENTER AVE        ,CENTRE AVE. OVER 1026    ,40260000,79593000,40.43333333,-79.99166667,"(40.4333333333333,-79.9916666666667)"
1674,0,61000,NSRC  CSX  AVR          ,WEBSTER AV        ,WEBSTER AVE OVER I-579   ,40260000,79593000,40.43333333,-79.99166667,"(40.4333333333333,-79.9916666666667)"
1687,0,61000,02270 PAT 2ND AV ROSS ST,ALLIES BL         ,BRADY ST.INTERCHANGE     ,40260000,79580000,40.43333333,-79.96666667,"(40.4333333333333,-79.9666666666667)"
1740,0,61000,STATION SQUARE ACCESS RD,RAMP S  ALLIES BL ,@ N.END OF BIRMINGHAM BR.,40260000,79580000,40.43333333,-79.96666667,"(40.4333333333333,-79.9666666666667)"
1742,0,61000,MONONGAHELA RIVER CSX RR,SMITHFIELD ST     ,SMITHFIELD ST.BRIDGE     ,40260000,80001200,40.43333333,-80.00333333,"(40.4333333333333,-80.0033333333333)"
1743,0,61000,I-376 & SR 8041(RAMP F) ,SMITHFIELD STREET ,N.APPR.SPAN SMTHFLD.ST.  ,40260000,80001200,40.43333333,-80.00333333,"(40.4333333333333,-80.0033333333333)"
1805,0,61000,SAW MILL RUN            ,RAMP H RD.        ,RAMP H TO BLVD.OF ALLIES ,40260000,79591200,40.43333333,-79.98666667,"(40.4333333333333,-79.9866666666667)"
1808,0,61000,MON R I376 0837 2 AV ARL,CROSSTOWN BL      ,RP.FROM BLVD.TO 1026 NB. ,40260000,79591800,40.43333333,-79.98833333,"(40.4333333333333,-79.9883333333333)"
1859,0,61000,GLASS RUN               ,RAMP L RD         ,RP.FROM LIB.BR.TO1026 NB.,40260000,79591800,40.43333333,-79.98833333,"(40.4333333333333,-79.9883333333333)"
1860,0,61000,GLASS RUN CREEK         ,RAMPV RD          ,OAKLAND EXIT TO FORBES   ,40260000,79580000,40.43333333,-79.96666667,"(40.4333333333333,-79.9666666666667)"
1861,0,61000,GLASS RUN               ,RAMP R RD         ,OVER BRADY ST OAKLAND    ,40260000,79590000,40.43333333,-79.98333333,"(40.4333333333333,-79.9833333333333)"
1876,0,61000,NORFOLK SOUTHERN RR     ,RAMP D RD  EXIT 7B,BATES ST.-OAKLAND EXIT   ,40260000,79573000,40.43333333,-79.95833333,"(40.4333333333333,-79.9583333333333)"
1879,0,61000,SAW MILL RUN            ,RP B FROM W CARSON,RAMP B OVER W.CARSON ST. ,40260000,80000000,40.43333333,-80.00000000,"(40.4333333333333,-80)"
1885,0,61000,TR 19 & 51              ,RAMP F RD         ,RAMP F TO PARKWAY EAST   ,40260000,79590000,40.43333333,-79.98333333,"(40.4333333333333,-79.9833333333333)"
1902,0019T,61000,NELSON RUN ROAD         ,RAMP A RD         ,GRANT ST.EXIT            ,40260000,79590000,40.43333333,-79.98333333,"(40.4333333333333,-79.9833333333333)"
2023,0,61000,LR 1021 NB-SB & HOV     ,LR764 STA582+06 WB,1/4 MI. E.OF LIBERTY BR. ,40260240,79593841,40.43400000,-79.99400278,"(40.434,-79.9940027777778)"
2030,0,61000,FOUR CITY STREETS       ,PANTHER HOLLOW TR ,301090 SCHENLEY PK HOLL#4,40260250,79560810,40.43402778,-79.93558333,"(40.4340277777778,-79.9355833333333)"
2032,0,61000,LR805-RAMPJ-LR02302     ,BIRMINGHAM BR     ,BIRMINGHAM BR APPROACH   ,40260450,79582295,40.43458333,-79.97304167,"(40.4345833333333,-79.9730416666667)"
2043,0,61000,STATE RDS. RR CITY STS..,PARKWAY EAST      ,EB OVER SECOND AVENUE    ,40260600,79590600,40.43500000,-79.98500000,"(40.435,-79.985)"
2044,0,61000,NS RAILWAY              ,MCARDLE RDWY RD   ,301054 MCARDLE RDWY(UPPR),40260600,80004200,40.43500000,-80.01166667,"(40.435,-80.0116666666667)"
2381,0,61000,10TH ST BYPASS ALLEGH RV,PANTHER HOLLOW RD ,301086 SCHENLEY PK UNDPSS,40260600,79564800,40.43500000,-79.94666667,"(40.435,-79.9466666666667)"
2382,0,61000,ALLEGH RIV 10 ST BY-PASS,8065 RAMP-F RD    ,BIRMINGHAM BRG OFF RAMP  ,40260600,79582400,40.43500000,-79.97333333,"(40.435,-79.9733333333333)"
2383,0,61000,ALLEGH RIV 10 ST BY-PASS,8065 RAMP E RD    ,BIRMINGHAM BRG ON RAMP E ,40260600,79582400,40.43500000,-79.97333333,"(40.435,-79.9733333333333)"
2384,0,61000,SMALLMAN ST  ALLEG. RIV.,SR 8095 (RAMP B)  ,@ INTER. W/SMITHFIELD ST.,40260600,80001200,40.43500000,-80.00333333,"(40.435,-80.0033333333333)"
2385,0,61000,EDMORE&CRKRD RRS&CHARCK',BL OF THE ALLIES  ,AT STEVENSON STREET      ,40260610,79591251,40.43502778,-79.98680833,"(40.4350277777778,-79.9868083333333)"
2386,0,61000,I279 RAMP J & TRUCK US19,BL OF THE ALLIES  ,1 MILE E OF BIRMINGHAM BR,40260900,79574900,40.43583333,-79.96361111,"(40.4358333333333,-79.9636111111111)"
2387,0,61000,FARRAGUT ST  JACKS RUN  ,ALLIES BL         ,BLVD ALLIES-ON BLUFF     ,40261120,79583071,40.43644444,-79.97519722,"(40.4364444444444,-79.9751972222222)"
2388,0,61000,I376 AND CSX RR         ,BLVD.-OF-ALLIES BL,ALLIES RAMP TO LIBERTY BR,40261180,79595027,40.43661111,-79.99729722,"(40.4366111111111,-79.9972972222222)"
2389,0,61000,PENSDALE ST OAKWOOD RUN ,PANTHER HOLLOW TR ,301085 BT PHIPPS&S P POOL,40261200,79564800,40.43666667,-79.94666667,"(40.4366666666667,-79.9466666666667)"
2390,0,61000,SAW MILL RUN STREAM     ,WOOD ST           ,301120 WOOD STREET BRIDGE,40261200,80001800,40.43666667,-80.00500000,"(40.4366666666667,-80.005)"
2391,0,61000,STREETS RUN             ,RAMP-A RD         ,OFF RMP.A TO W.CARSON ST.,40261200,80004800,40.43666667,-80.01333333,"(40.4366666666667,-80.0133333333333)"
2392,0,61000,SAW MILL RUN            ,RAMP G RD TO LIB. ,JUST NORTH OF LIBERTY BR.,40261228,79594320,40.43674444,-79.99533333,"(40.4367444444444,-79.9953333333333)"
2394,0,61000,CSX RR & BIKE TRAIL     ,RELOCATED FT PITT ,RELOCATED FT PITT BLVD EB,40261400,80000700,40.43722222,-80.00194444,"(40.4372222222222,-80.0019444444444)"
2395,0,61000,SAW MILL RUN            ,FORT PITT BR      ,FORT PITT BR. UPPER DECK ,40261460,80004970,40.43738889,-80.01380556,"(40.4373888888889,-80.0138055555555)"
2397,0,61000,BLOOMFIELD BRIDGE RAMP F,CROSSTOWN BL      ,S.B.I579 TO LIBERTY BRIDG,40261500,79594030,40.43750000,-79.99452778,"(40.4375,-79.9945277777778)"
2398,0,61000,N-S RR CSX RR E BSWY PL ,FORT PITT BR      ,FT PITT BR OVER MON RIVER,40261540,80004920,40.43761111,-80.01366667,"(40.4376111111111,-80.0136666666667)"
2399,0,61000,STREETS RUN CREEK       ,MARKET ST         ,301121 MARKET ST OV PKWY ,40261678,80001575,40.43799444,-80.00437500,"(40.4379944444444,-80.004375)"
2402,0,61000,PAT AIRPORT BUSWAY      ,PANTHER HOLLOW TR ,301087 SCHENLEY PK HOLL#1,40261700,79564300,40.43805556,-79.94527778,"(40.4380555555556,-79.9452777777778)"
2403,0,61000,CHARTIERS CREEK         ,CROSSTOWN BL      ,1026 SB.OVER 5TH AVENUE  ,40261780,79593965,40.43827778,-79.99434722,"(40.4382777777778,-79.9943472222222)"
2404,0,61000,NORFOLK SOUTHERN RR     ,FORT PITT BL      ,301035 FORT PITT BLVD(EB),40261800,80003000,40.43833333,-80.00833333,"(40.4383333333333,-80.0083333333333)"
2405,0,61000,SAW MILL RUN CREEK      ,STANWIX ST        ,301106 BT FT PITT&376E RP,40261800,80001800,40.43833333,-80.00500000,"(40.4383333333333,-80.005)"
2407,0,61000,BRANCH OF BECKS RUN CRK ,RAMP Q RD         ,ON RAMP FROM LIBERTY AVE.,40261800,80003000,40.43833333,-80.00833333,"(40.4383333333333,-80.0083333333333)"
2408,0,61000,SAW MILL RUN CREEK      ,RAMP J RD         ,FT DUQ BR TO FT DUQ BLVD ,40261800,80003600,40.43833333,-80.01000000,"(40.4383333333333,-80.01)"
2409,0,61000,CSX RR GLOSTER ST       ,FT DUQ TO 10 ST   ,FORT DUQ SOUTH APPROACH  ,40261800,80003600,40.43833333,-80.01000000,"(40.4383333333333,-80.01)"
2410,0,61000,9 MILE RUN & FERN HOLLOW,RAMP F RD         ,RP.F O/RP.D TO 7TH AVE.  ,40261800,79594200,40.43833333,-79.99500000,"(40.4383333333333,-79.995)"
2411,0,61000,CSX RR  BOUNDARY ST     ,BEDFORD AVE       ,BEDFORD AVE.O/228 1026   ,40261800,79594200,40.43833333,-79.99500000,"(40.4383333333333,-79.995)"
2412,0,61000,MON WHARF PARKING LOT   ,RAMP BU RD        ,STANWIX ST TO FT PITT WB ,40261800,80003000,40.43833333,-80.00833333,"(40.4383333333333,-80.0083333333333)"
2413,0,61000,SAW MILL RUN CREEK      ,S.R 8041 CONNECTOR,EASTBOUND CONNECTOR RAMP ,40261800,80003000,40.43833333,-80.00833333,"(40.4383333333333,-80.0083333333333)"
2414,0,61000,STREETS RUN CREEK       ,CROSSTOWN BL      ,1026 NB.OVER 5TH AVENUE  ,40261970,79593758,40.43880556,-79.99377222,"(40.4388055555556,-79.9937722222222)"
2415,0,61000,I 376 (PARKWAY EAST)    ,RAMP C  279 N.B.  ,FT PITT BR(NB)- NORTH APR,40262150,80003694,40.43930556,-80.01026111,"(40.4393055555555,-80.0102611111111)"
2416,0,61000,NSRC  CSX & BUSWAY      ,376 EASTBOUND     ,376 E.B. OVER MON WHARF  ,40262150,80003700,40.43930556,-80.01027778,"(40.4393055555555,-80.0102777777778)"
2417,0,61000,ALLEGHENY RIVER         ,RAMP D RD         ,FT PITT WB APP RAMP D    ,40262240,80003610,40.43955556,-80.01002778,"(40.4395555555556,-80.0100277777778)"
2418,0,61000,ZOO WALKWAY             ,FORBES AVENUE     ,301033 NEAR S BRADDOCK AV,40262240,79540400,40.43955556,-79.90111111,"(40.4395555555556,-79.9011111111111)"
2419,0,61000,WASHINGTON BLVD (RT 8)  ,SR 376 WB  RAMP B ,RAMP-FT PITT OVR RP A(F) ,40262250,80003600,40.43958333,-80.01000000,"(40.4395833333333,-80.01)"
2420,0,61000,WASHINGTON BLVD (RT 8)  ,BL OF THE ALLIES  ,300EAST OF LIBERTY BRIDG',40262400,80001800,40.44000000,-80.00500000,"(40.44,-80.005)"
2421,0,61000,RIALTO STREET           ,SCHENLEY DR       ,301084 BT FORBES&PHIPPS C,40262400,79570000,40.44000000,-79.95000000,"(40.44,-79.95)"
2422,0,61000,CHARLES STREET          ,RAMP G RD         ,RP.NB FROM 10TH ST.BYPASS,40262400,80002400,40.44000000,-80.00666667,"(40.44,-80.0066666666667)"
2423,0,61000,MCCLURE AVE  ECKERT ST  ,RAMP C RD         ,RAMP C OVER RAMP F       ,40262400,80002400,40.44000000,-80.00666667,"(40.44,-80.0066666666667)"
2424,0,61000,SYCAMORE STREET         ,RAMP E RD         ,RAMP E OVER RAMP F       ,40262400,80002400,40.44000000,-80.00666667,"(40.44,-80.0066666666667)"
2425,0,61000,HILLSIDE                ,ALEXANDER ST      ,301001 NEAR NEPTUNE      ,40262438,80020020,40.44010556,-80.03338889,"(40.4401055555556,-80.0333888888889)"
2426,0,61000,NEGLEY RUN BLVD         ,ROUTE 60          ,THORNBURG BRIDGE         ,40262520,80045190,40.44033333,-80.08108333,"(40.4403333333333,-80.0810833333333)"
2427,0,61000,GOMER AND GREELY STREETS,SR 0279 SH        ,PORTAL BR.O/PT.STATE PARK,40262880,80003190,40.44133333,-80.00886111,"(40.4413333333333,-80.0088611111111)"
2428,0,61000,SOUTH 21ST STREET       ,RAMP G RD         ,NEAR US STEEL BLDG       ,40262890,79593493,40.44136111,-79.99303611,"(40.4413611111111,-79.9930361111111)"
2429,0,61000,NORFOLK SOUTHERN R/R    ,CROSSTOWN BL      ,579 SB.OVER RAMP D       ,40262940,79593353,40.44150000,-79.99264722,"(40.4415,-79.9926472222222)"
2430,0,61000,HILLSIDE                ,BIGELOW BL        ,TR 380 W.B.OVER 7TH AVE  ,40263000,79594800,40.44166667,-79.99666667,"(40.4416666666667,-79.9966666666667)"
2431,0,61000,BEECHWOOD BLVD PKWY RAMP,RAMP T RD         ,RAMP T TO PKW EB         ,40263000,79580000,40.44166667,-79.96666667,"(40.4416666666667,-79.9666666666667)"
2432,0,61000,N-S RR-ALLEGHENY PARK   ,RAMP U RD         ,ALLIES BLV RAMP TO 764 WB,40263000,79583000,40.44166667,-79.97500000,"(40.4416666666667,-79.975)"
2433,0,61000,NORFOLK SOUTHERN RR     ,RAMP N RD         ,LIBERTY AVE OFF RAMP N   ,40263000,80010000,40.44166667,-80.01666667,"(40.4416666666667,-80.0166666666667)"
2435,0,61000,PGH & OHIO CENTRAL RR   ,RAMP C RD         ,GRANT ST.-RP.C OVER RP.D ,40263000,80003000,40.44166667,-80.00833333,"(40.4416666666667,-80.0083333333333)"
2436,0,61000,N-S RAILROAD            ,SEVENTH AV        ,P50010 PGH - 7TH AVE     ,40263156,79593770,40.44210000,-79.99380556,"(40.4421,-79.9938055555556)"
2437,0,61000,Three Rivers Heritage Tr,SOUTH MAIN ST     ,1200S.W.OF W.END CIRCLE ',40263160,80015330,40.44211111,-80.03147222,"(40.4421111111111,-80.0314722222222)"
2438,0,61000,CSX RAILROAD BOUNDARY ST,CROSSTOWN BL      ,HOV S.APPR.TO VETERANS BR,40263490,79592822,40.44302778,-79.99117222,"(40.4430277777778,-79.9911722222222)"
2439,0,61000,PANTH HOLLOW UNKNOWN STR,BIGELOW BL        ,BIGELOW BLVD. WB O/I579  ,40263500,79593408,40.44305556,-79.99280000,"(40.4430555555556,-79.9928)"
2440,0,61000,OVERLOOK DRIVE          ,RAMP A            ,WEST END                 ,40263500,80014750,40.44305556,-80.02986111,"(40.4430555555556,-80.0298611111111)"
2441,0,61000,SCHENLEY PARK STREAM    ,Fancourt Street   ,301143 OV 10th St. Ext.  ,40263630,80002300,40.44341667,-80.00638889,"(40.4434166666667,-80.0063888888889)"
2444,0,61000,SCHENLEY PARK STREAM    ,W. END CIRCLE(837),@ SOUTH END / WEST END BR,40263730,80013806,40.44369444,-80.02723889,"(40.4436944444444,-80.0272388888889)"
2447,0,61000,NINE MILE RUN           ,ROUTE 60          ,BTWN MAIN AND STEUBEN STS,40263840,80014660,40.44400000,-80.02961111,"(40.444,-80.0296111111111)"
2448,0,61000,WOODS RUN RD  LECKY WAY ,WEST CARSON ST    ,PGH.@ WEST END CIRCLE    ,40263890,80014175,40.44413889,-80.02826389,"(40.4441388888889,-80.0282638888889)"
2449,0,61000,SAW MILL RUN CREEK      ,WEST END BR       ,WEST END BRIDGE          ,40263980,80014150,40.44438889,-80.02819444,"(40.4443888888889,-80.0281944444444)"
2450,0,61000,N-S RR & EAST BUSWAY    ,VETERANS BR APPRSB,I-579 SB OFF VETERANS BR.,40263980,79592695,40.44438889,-79.99081944,"(40.4443888888889,-79.9908194444444)"
2452,0,61000,N-S RR E BUSWAY GROSS ST,FORBES AV         ,301034 NEAR CRAIG        ,40264010,79564951,40.44447222,-79.94708611,"(40.4444722222222,-79.9470861111111)"
2453,0,61000,N-S RR & PAT EBUSWAY    ,CROSS ST          ,WEST END CIRCLE          ,40264200,80014800,40.44500000,-80.03000000,"(40.445,-80.03)"
2454,0,61000,NORFOLK SOUTHERN RR     ,FORT DUQUESNE BR  ,I279 NB    FT.DUQ.BR.    ,40264200,80003600,40.44500000,-80.01000000,"(40.445,-80.01)"
2455,0,61000,I-376 WB (PARKWAY EAST) ,8078 RP K  BIGELOW,RP.K E.B. O/RP.B N.B.    ,40264200,79592400,40.44500000,-79.99000000,"(40.445,-79.99)"
2456,0,61000,I279 HOV RAMP G EAST ST ,NORTH SHORE DRIVE ,NORTH SHORE DRIVE        ,40264200,80005200,40.44500000,-80.01444444,"(40.445,-80.0144444444445)"
2457,0,61000,CSX/AV RR  SALINE ST    ,FORT DUQ BR SB    ,I-279 SB FT DUQ. BR      ,40264200,80003600,40.44500000,-80.01000000,"(40.445,-80.01)"
2458,0,61000,VERNER AVENUE           ,SR 0065 SB        ,1039 SB TO FT.DUQ.BRIDGE ,40264260,80003568,40.44516667,-80.00991111,"(40.4451666666667,-80.0099111111111)"
2459,0,61000,SAW MILL RUN CREEK      ,SR 0279 NB        ,NEAR PNC PARK            ,40264260,80003568,40.44516667,-80.00991111,"(40.4451666666667,-80.0099111111111)"
2460,0,61000,HILLSIDE                ,SR 0065 NB        ,1039 NB FROM FT.DUQ.BR.  ,40264270,80003530,40.44519444,-80.00980556,"(40.4451944444444,-80.0098055555556)"
2461,0,61000,N-S RR /PAT/SASSAFRAS ST,SIXTH STREET BR   ,AL02   6 ST TO NORTH SIDE,40264390,80001040,40.44552778,-80.00288889,"(40.4455277777778,-80.0028888888889)"
2462,0,61000,NORFOLK SOUTHERN R/R    ,SEVENTH STREET BR ,AL03   7TH ST BRIDGE     ,40264600,80000440,40.44611111,-80.00122222,"(40.4461111111111,-80.0012222222222)"
2463,0,61000,I-376 WB (PARKWAY EAST) ,VETERANS BR APPRNB,SOUTH APPR TO VETS BR.   ,40264700,79592732,40.44638889,-79.99092222,"(40.4463888888889,-79.9909222222222)"
2464,0,61000,I-376(WB) FORT PITT BLVD,10TH ST BYPASS    ,10 TH STREET BYPASS      ,40264700,79594700,40.44638889,-79.99638889,"(40.4463888888889,-79.9963888888889)"
2466,0,61000,RAVINE                  ,RAMP V RD         ,3 RIV.STAD.-RP.V/TR 65 NB,40264800,80003600,40.44666667,-80.01000000,"(40.4466666666667,-80.01)"
2467,0,61000,HILLSIDE                ,NINTH STREET BR   ,AL04   9TH ST BRIDGE     ,40264820,79595830,40.44672222,-79.99952778,"(40.4467222222222,-79.9995277777778)"
2468,0,61000,ALLEGHENY VALLEY RR     ,SR 19 SH          ,NORTH APPR. TO W.END BR. ,40265090,80013600,40.44747222,-80.02666667,"(40.4474722222222,-80.0266666666667)"
2469,0,61000,IRWINS RUN              ,RAMP B RD         ,RAMP B TO I-279 N.B.     ,40265400,80013000,40.44833333,-80.02500000,"(40.4483333333333,-80.025)"
2470,0,61000,PEDESTRIAN WALKWAY      ,RAMP B RD         ,RP.B SB O/FONTELLA ST.   ,40265400,80013000,40.44833333,-80.02500000,"(40.4483333333333,-80.025)"
2471,0,61000,PEDESTRIAN WALKWAY      ,RAMP D            ,RAMP D TO RIVERS CASINO  ,40265400,80013000,40.44833333,-80.02500000,"(40.4483333333333,-80.025)"
2472,0,61000,EAST BUSWAY & N-S RR    ,RAMP F SB         ,RAMP F SB TO W END BRIDGE,40265400,80013600,40.44833333,-80.02666667,"(40.4483333333333,-80.0266666666667)"
2473,380,61000,EAST BUSWAY N-S RR      ,VETERANS BR       ,VETERANS BRIDGE          ,40265470,79593027,40.44852778,-79.99174167,"(40.4485277777778,-79.9917416666667)"
2474,0,61000,PAT LRT SPUR LINE       ,SR 0065 SH        ,1039 S.B. O/ALLEGHENY AVE,40265520,80010624,40.44866667,-80.01840000,"(40.4486666666667,-80.0184)"
2476,0,61000,SR0051 W&LE SAW MILL CRK,SR 0065 SB        ,TR 65 SB O/FONTELLA ST.  ,40265540,80011072,40.44872222,-80.01964444,"(40.4487222222222,-80.0196444444444)"
2487,0,61000,WEST LIBERTY AVENUE     ,SR 0065 SH        ,REEDSDALE RP. TO RIDGE AV,40265560,80005752,40.44877778,-80.01597778,"(40.4487777777778,-80.0159777777778)"
2488,0,61000,W LIBERTY AVE RAMP (SB) ,SR 0065 SH        ,N.B. O/ALLEGHENY AVE.    ,40265580,80010683,40.44883333,-80.01856389,"(40.4488333333333,-80.0185638888889)"
2492,0,61000,NS RAILROAD             ,SR 0065 NB        ,TR 65 NB O/FONTELLA ST.  ,40265610,80011770,40.44891667,-80.02158333,"(40.4489166666667,-80.0215833333333)"
2493,0,61000,CSX RR                  ,1021 H.O.V. 22+52 ,H.O.V. FROM STADIUM      ,40265610,80002185,40.44891667,-80.00606944,"(40.4489166666667,-80.0060694444444)"
2494,0,61000,RR                      ,1039 NB           ,APPROACH TO FT DUQUESNE  ,40270000,80003000,40.45000000,-80.00833333,"(40.45,-80.0083333333333)"
2495,0,61000,EAST BUSWAY & NS RR     ,I 279 RAMP F      ,LR1039 LOWER APPR FT DUQ ,40270000,80010000,40.45000000,-80.01666667,"(40.45,-80.0166666666667)"
2496,0,61000,DAHLEM ST               ,RIDGE AV          ,301081 OVER N-S RR       ,40270000,80004200,40.45000000,-80.01166667,"(40.45,-80.0116666666667)"
2498,0,61000,NORTH BRADDOCK AV       ,WEST OHIO ST      ,301118 AT WEST PARK      ,40270000,80003600,40.45000000,-80.01000000,"(40.45,-80.01)"
2504,0,61000,BECKS RUN               ,RAMP A RD         ,RMP.A FT.DUQ.TO STADIUM  ,40270000,80003600,40.45000000,-80.01000000,"(40.45,-80.01)"
2505,0,61000,BECKS RUN               ,RAMP W RD         ,NEAR HEINZ FIELD         ,40270000,80003000,40.45000000,-80.00833333,"(40.45,-80.0083333333333)"
2506,0,61000,BECKS RUN               ,LR1026HOV ST25+ 45,NORTH SIDE OF VETERANS BR,40270190,79594012,40.45052778,-79.99447778,"(40.4505277777778,-79.9944777777778)"
2507,0,61000,BECKS RUN               ,INTERSTATE 579    ,N. APPR SB TO VETERANS BR,40270210,79593999,40.45058333,-79.99444167,"(40.4505833333333,-79.9944416666667)"
2511,0,61000,SAW MILL RUN            ,RAYMOND E WILT HW ,N. APPR. TO VETERANS BR. ,40270250,79593911,40.45069444,-79.99419722,"(40.4506944444444,-79.9941972222222)"
2730,0,61000,FORBES DIAMOND & 6TH AVE,BLVD OF THE ALLIES,301005 CHARLES ANDERSONBR,4026412,79565894,40.45114444,-79.94970556,"(40.4511444444444,-79.9497055555556)"
2731,0,61000,LIBERTY BRDG APPROACH RD,EAST OHIO ST      ,E. OHIO ST.UNDER SR 0579 ,40271200,79594800,40.45333333,-79.99666667,"(40.4533333333333,-79.9966666666667)"
2732,0,61000,DIAMOND AVE FORBES 6TH  ,SIXTEENTHSTREET BR,AL05   16TH ST BRIDGE    ,40271200,79593000,40.45333333,-79.99166667,"(40.4533333333333,-79.9916666666667)"
2733,0,61000,FORBES DIAMOND RPS.J&G  ,CHARTIERS AV      ,301020 NEAR INT/STRAKA ST,40271200,80034800,40.45333333,-80.06333333,"(40.4533333333333,-80.0633333333333)"
2739,0,61000,FORBES AVE  DIAMOND ST. ,SOUTH AIKEN AV    ,301098 OV N-S  & BSWY9807,40271200,79561200,40.45333333,-79.93666667,"(40.4533333333333,-79.9366666666667)"
2742,0,61000,OVER I376 LR02266RAMPS  ,NEVILLE RAMP      ,PAT602 NEVILLE RAMP      ,40271200,79570000,40.45333333,-79.95000000,"(40.4533333333333,-79.95)"
2743,0,61000,02266 RP.E OLD BRADY ST.,BAUM BL           ,1 MI.S.OF BLOOMFIELD BR. ,40271430,79570357,40.45397222,-79.95099167,"(40.4539722222222,-79.9509916666667)"
2745,0,61000,LR 02266 RAMP E F BRADY ,OHIO RIVER BL     ,TR 19-65 SB OVER RP.H    ,40271600,80014550,40.45444444,-80.02930556,"(40.4544444444444,-80.0293055555556)"
2749,0,61000,HODGE ST                ,CHESTNUT ST       ,301131 NEAR HEINZ PLANT  ,40271603,79593894,40.45445278,-79.99415000,"(40.4544527777778,-79.99415)"
2752,0,61000,I-376 @ SQRL HILL TUNNEL,BAUM BL           ,301008 BAUM BLVD BRDG # 2,40271780,79564250,40.45494444,-79.94513889,"(40.4549444444445,-79.9451388888889)"
2753,0,61000,LR 763 RAMP G           ,N AVE&BRIGHTON RD ,301067 N AVE-BRIGHTON RD ,40271800,80011200,40.45500000,-80.02000000,"(40.455,-80.02)"
2807,0,61000,LR 247 & LR 766 RAMP C  ,PENNSYLVANIA AV   ,301075 PENNSYLVANIA AVE  ,40271800,80010600,40.45500000,-80.01833333,"(40.455,-80.0183333333333)"
2809,0,61000,SAW MILL RUN            ,TWENTY EIGHTH ST  ,301115 28 ST BR PGH & PAT,40271800,79582400,40.45500000,-79.97333333,"(40.455,-79.9733333333333)"
2811,0,61000,LR 736 EXT.             ,CENTRE AV         ,P50001 CENTRE AVE-EB0203 ,40271800,79563600,40.45500000,-79.94333333,"(40.455,-79.9433333333333)"
2813,0,61000,P&LE RR                 ,OHIO RIVER BL     ,19-65 O/BEAV.AVE.TURNRND ,40272190,80014694,40.45608333,-80.02970556,"(40.4560833333333,-80.0297055555556)"
2814,0,61000,LR1039 RPS A&B (F&G) MON,SOUTH NEGLEY AV   ,301102 BTCENTRE&ELLSWORTH,40272260,79560044,40.45627778,-79.93345556,"(40.4562777777778,-79.9334555555556)"
2817,0,61000,LR 1039 RAMPS A&B (F&G) ,TRIPOLI STREET    ,301132 OV 1021 2D (3132) ,40272350,79595360,40.45652778,-79.99822222,"(40.4565277777778,-79.9982222222222)"
2819,0,61000,LR 1039 RAMP C          ,SOUTH MILLVALE AV ,301101 S MILLVALE AVE BRG,40272400,79564800,40.45666667,-79.94666667,"(40.4566666666667,-79.9466666666667)"
2820,0,61000,1039 RP.D & ALLEG.RIVER ,LR 1039 STA.976+34,PGH.(MARSHALL AVE.INTCH.),40272890,80014930,40.45802778,-80.03036111,"(40.4580277777778,-80.0303611111111)"
2821,0,61000,ALLEG.RIV. FT DUQ WARF  ,BLOOMFIELD BR     ,301010 BLOOMFIELD BRIDGE ,40273000,79572400,40.45833333,-79.95666667,"(40.4583333333333,-79.9566666666667)"
2825,0,61000,LR 1039 RAMPS C K & D   ,COLUMBUS AVENUE   ,301022 OVER NSRR         ,40273000,80011800,40.45833333,-80.02166667,"(40.4583333333333,-80.0216666666667)"
2827,0,61000,LR 1039 RAMP F          ,HERRON AV         ,301040 AT LIBERTY AVE    ,40273000,79580000,40.45833333,-79.96666667,"(40.4583333333333,-79.9666666666667)"
2828,0,61000,LR 1039 RAMP F          ,RADCLIFFE ST      ,301078 BT TABOR&STADIUM  ,40273000,80033600,40.45833333,-80.06000000,"(40.4583333333333,-80.06)"
2834,0,61000,OHIO RIVER BLVD         ,TROY HILL RD      ,301114 TROY HILL ROAD    ,40273000,79593000,40.45833333,-79.99166667,"(40.4583333333333,-79.9916666666667)"
2835,0,61000,CHATEAU ST. R/RX BUSLINE,GOETTMAN ST       ,301125 GOETTMAN STREET   ,40273000,79593000,40.45833333,-79.99166667,"(40.4583333333333,-79.9916666666667)"
2842,0,61000,N &S RR CHATEAU ST 65 RP,RAMP E            ,CHATEAU ST.TO TR 65 NB   ,40273000,80014200,40.45833333,-80.02833333,"(40.4583333333333,-80.0283333333333)"
2843,0,61000,PARKING LOTS            ,RAMP D to SR 65 SB,OVER CHATEAU ST. N&S RR  ,40273000,80020000,40.45833333,-80.03333333,"(40.4583333333333,-80.0333333333333)"
2844,0,61000,N/S RR  CHATEAU CALIF.  ,SOUTH HIGHLAND AVE,301100 OV RR&PAT BSWY9804,40273260,79553020,40.45905556,-79.92505556,"(40.4590555555556,-79.9250555555556)"
2855,0,61000,TR 65 RP.C & REEDSDALE  ,WEST CARSON ST    ,1/2 MI.N.W.CORLISS TUNNEL,40273360,80024940,40.45933333,-80.04705556,"(40.4593333333333,-80.0470555555556)"
2858,0,61000,FONTELLA ST.            ,WINDGAP AV        ,CC02   CHARTIERS CRK # 2 ,40273600,80043000,40.46000000,-80.07500000,"(40.46,-80.075)"
2859,0,61000,RAMP C                  ,WEST CARSON ST    ,301021 AT MCKEES ROCKS   ,40273600,80033000,40.46000000,-80.05833333,"(40.46,-80.0583333333333)"
2862,0,61000,REEDSDALE ST.           ,EAST LIBERTY RAMP ,PAT603 EAST LIBERTY RAMP ,40273600,79531800,40.46000000,-79.88833333,"(40.46,-79.8883333333333)"
2874,0,61000,RPS.C&D NB CARSON RAMP  ,PENN AV           ,P50002 PENN AVE BRDG-EB03,40273670,79551656,40.46019444,-79.92126667,"(40.4601944444444,-79.9212666666667)"
2877,0,61000,I-376 RAMP V  & 2ND AVE.,SWINDELL BR       ,301109 SWINDELL BRIDGE   ,40274200,80001800,40.46166667,-80.00500000,"(40.4616666666667,-80.005)"
2878,0,61000,I 376 RAMP V  & 2ND AVE ,RAMP-C RD         ,RT.65 RP.C SB/BEAVER AVE ,40274200,80015400,40.46166667,-80.03166667,"(40.4616666666667,-80.0316666666667)"
2884,0,61000,BANKSVILLE RD N.B.      ,NORTH AV          ,301133 NORTH SIDE (3133) ,40274800,80000000,40.46333333,-80.00000000,"(40.4633333333333,-80)"
2886,0,61000,N-SRR  PAT LRT PAT EBSWY,HERRS ISLAND RD   ,301041 HERRS ISLAND BRDG',40274800,79584800,40.46333333,-79.98000000,"(40.4633333333333,-79.98)"
2887,0,61000,579 RAMP B TO VETERANS  ,LINCOLN AV        ,301048 IN EAST LIBERTY   ,40274800,79541800,40.46333333,-79.90500000,"(40.4633333333333,-79.905)"
2890,0,61000,LR 228 RAMP D           ,RIVER AV          ,301082 RIVER AVE VIADUCT ,40274800,79584800,40.46333333,-79.98000000,"(40.4633333333333,-79.98)"
2891,0,61000,I579 LR 228  RAMPS C&K  ,RAMP-A RD         ,CHATEAU ST. RAMP A       ,40274800,80015400,40.46333333,-80.03166667,"(40.4633333333333,-80.0316666666667)"
2892,0,61000,N-S RR  PAT LRT PATEBSWY,Ramp F to SR 19   ,RP.FROM CHATEAU ST.TO 19N,40274800,80015400,40.46333333,-80.03166667,"(40.4633333333333,-80.0316666666667)"
2903,0,61000,I-376 PARKWAY WEST      ,RAMP 3            ,31st ST BR/RT 28 RAMP E  ,40275191,79584792,40.46441944,-79.97997778,"(40.4644194444444,-79.9799777777778)"
2906,0,61000,MON WHARF               ,THIRTYFIRST ST    ,PITTSBURGH-31ST ST.BRIDGE,40275260,79584822,40.46461111,-79.98006111,"(40.4646111111111,-79.9800611111111)"
2907,0,61000,SR 8041 (RAMP F)        ,RAMP D            ,31ST ST/RT 28 RAMP D     ,40275400,79584600,40.46500000,-79.97944444,"(40.465,-79.9794444444444)"
2908,0,61000,764 RAMP D UNDERPASS EB.,E LIBERTY(NB) BL  ,301831 E LIBERTY BLVD NB ,40275500,79550900,40.46527778,-79.91916667,"(40.4652777777778,-79.9191666666667)"
2910,0,61000,RAMP C&D FT.PITT BLVD.  ,E LIBERTY(SB) BL  ,301931 E LIBERTY BLVD SB ,40275500,79550900,40.46527778,-79.91916667,"(40.4652777777778,-79.9191666666667)"
2912,0,61000,I-376 WB UNDERPASS      ,SR 0279 SH        ,near PNC Park            ,40280000,80010000,40.46666667,-80.01666667,"(40.4666666666667,-80.0166666666667)"
2913,0,61000,OVER 10TH ST AT 2ND AVE ,SR 0279 SH        ,Near PNC Park            ,40280000,80010000,40.46666667,-80.01666667,"(40.4666666666667,-80.0166666666667)"
2916,0,61000,LR805 EVERGREEN RD.     ,LARIMER AV        ,301047 OV WASHINGTON BLVD,40280000,79543000,40.46666667,-79.90833333,"(40.4666666666667,-79.9083333333333)"
2918,0,61000,SR 4003-EVERGREEN RD.   ,LOWRIE ST         ,301050 OVER RIALTO STREET,40280000,79585400,40.46666667,-79.98166667,"(40.4666666666667,-79.9816666666667)"
2919,0,61000,LR 805  LR 02302        ,MEADOW ST         ,301057 MEADOW STREET BRDG,40280000,79550000,40.46666667,-79.91666667,"(40.4666666666667,-79.9166666666667)"
2924,0,61000,1021 RP.B & SCOTLAND AVE,CALIFORNIA AV     ,CALIF.AVE.OVER TR 65     ,40280000,80020600,40.46666667,-80.03500000,"(40.4666666666667,-80.035)"
2927,0,61000,PARKING AREA            ,VETERANS BR RAMP B,NEAR CIVIC ARENA         ,40280000,80010000,40.46666667,-80.01666667,"(40.4666666666667,-80.0166666666667)"
2928,0,61000,1021 RP.B & CITY STREETS,VETERANS BR RAMP J,SOUTH APPR TO VETS BRIDGE,40280000,80010000,40.46666667,-80.01666667,"(40.4666666666667,-80.0166666666667)"
2929,0,61000,N & S   1040 RAMP N     ,LR1021 RP B  20+35,NEAR CLARK BUILDING      ,40280000,80010000,40.46666667,-80.01666667,"(40.4666666666667,-80.0166666666667)"
2930,0,61000,ANDERSON ST.            ,RAMP-H RD         ,NB I-579 TO TR 28 NB     ,40280000,80010000,40.46666667,-80.01666667,"(40.4666666666667,-80.0166666666667)"
2932,0,61000,MADISON NORFOLKSOUTH RR ,RAMP A            ,OVER ANDERSON ST.        ,40280000,80010000,40.46666667,-80.01666667,"(40.4666666666667,-80.0166666666667)"
2934,0,61000,LR 1040 EB&WB RAMP H    ,RAMP G RD         ,NORTH OF VETERANS BR.    ,40280000,80010000,40.46666667,-80.01666667,"(40.4666666666667,-80.0166666666667)"
40479,0,61000,SAW MILL RUN            ,RAMP J RD         ,NEAR HEINZ PLANT         ,40280000,80010000,40.46666667,-80.01666667,"(40.4666666666667,-80.0166666666667)"
40480,0,61000,SAW MILL RUN            ,SR 0279 SB        ,NEAR PNC PARK            ,40280000,80010000,40.46666667,-80.01666667,"(40.4666666666667,-80.0166666666667)"
40674,51,61000,PA 51  WEST LIBERTY AVE.,EAST ST VALLEY  EX,I-279 OVER SUFFOLK ST.   ,40280250,80000475,40.46736111,-80.00131944,"(40.4673611111111,-80.0013194444444)"
40675,0,61000,RAMP E OVER RAMP C      ,LARIMER AV        ,301130 OVER ALLEGH VAL RR,40280475,79542790,40.46798611,-79.90775000,"(40.4679861111111,-79.90775)"
40785,0,61000,MON RIVER & PRIVATE RR  ,MAPLE AVENUE      ,301051 OVER CHARLES ST   ,40281200,80003000,40.47000000,-80.00833333,"(40.47,-80.0083333333333)"
40788,0,61000,CSX RAILROAD TUNNEL     ,OHIO RIVER BL     ,OVER ECKERT ST           ,40281550,80021385,40.47097222,-80.03718056,"(40.4709722222222,-80.0371805555556)"
40852,0,61000,CHATEAU ST. N&S RR      ,FORTIETH STREET BR,40TH ST.BR.O/ALLEG.RIVER ,40281800,79581200,40.47166667,-79.97000000,"(40.4716666666667,-79.97)"
41066,130,61000,ABANDONED RR            ,CALIFORNIA  AVENUE,301052 ROBERT MCAFEE BRDG,40281800,80021200,40.47166667,-80.03666667,"(40.4716666666667,-80.0366666666667)"
41373,0,61000,PEDESTRIAN UNDER PASS   ,MCKEES ROCKS BRDGE,MCKEES ROCKS OVER RIVER  ,40283350,80032327,40.47597222,-80.05646389,"(40.4759722222222,-80.0564638888889)"
41708,0,61000,RAMP N  TO MON WHARF    ,SHADELAND AVENUE  ,301095 SHADELAND AVE     ,40283600,80020000,40.47666667,-80.03333333,"(40.4766666666667,-80.0333333333333)"
41841,88,61000,SAW MILL RUN            ,OHIO RIVER BL     ,@ MCKEES ROCKS BRIDGE    ,40284590,80023829,40.47941667,-80.04396944,"(40.4794166666667,-80.0439694444444)"
41961,19,61000,SR 837                  ,ALLEGHENY RIVER BL,1 1/2 MILES E. OF PA 8   ,40285300,79530340,40.48138889,-79.88427778,"(40.4813888888889,-79.8842777777778)"
42018,0,61000,MON WHARF FLOOD WALLS   ,HILL RD           ,301043 IN HIGHLAND PARK  ,40290000,79551800,40.48333333,-79.92166667,"(40.4833333333333,-79.9216666666667)"
42334,2128,61000,PEDESTRIAN WALKWAY      ,CALIFORNIA AVENUE ,JA01   JACKS RUN NO 1    ,40290600,80024800,40.48500000,-80.04666667,"(40.485,-80.0466666666667)"
42749,279,61000,VARIOUS CITY STREETS    ,SR 8082           ,Highland Park Bridge     ,40290900,79544800,40.48583333,-79.91333333,"(40.4858333333333,-79.9133333333333)"
43172,279,61000,FT DUQ BRDG NB  ALLEGH R,SR 8082           ,Highland Park Bridge     ,40290900,79544800,40.48583333,-79.91333333,"(40.4858333333333,-79.9133333333333)"
43521,376,61000,SQ HILL TN VULT         ,SR 1005           ,Highland Park Bridge     ,40290900,79544800,40.48583333,-79.91333333,"(40.4858333333333,-79.9133333333333)"
44344,885,61000,BLUFF                   ,HIGHLAND PK SR1005,HIGHLAND PARK BRIDGE     ,40290990,79544840,40.48608333,-79.91344444,"(40.4860833333333,-79.9134444444445)"
44345,885,61000,BLUFF                   ,BUTLER ST         ,AT PGH ZOO               ,40291430,79550580,40.48730556,-79.91827778,"(40.4873055555556,-79.9182777777778)"
45110,0,61000,SR 279 AND MADISON AVE  ,62ND STREET BRIDGE,PITTSBURGH-62ND.ST.BRIDGE,40291850,79561448,40.48847222,-79.93735556,"(40.4884722222222,-79.9373555555556)"
45188,60,61000,WEST END                ,SR 0279 SH        ,1021 NBOVER 805-RAMP J   ,40293330,80003760,40.49258333,-80.01044444,"(40.4925833333333,-80.0104444444444)"
45203,885,61000,FORBES AV  MAURICE ST   ,I-279 SB          ,279 SB O/ SRS 4003&4009 ',40293390,80003940,40.49275000,-80.01094444,"(40.49275,-80.0109444444444)"
45258,0,61000,N/A                     ,SR 0279 SH        ,LR 1021 HOV OVER LR 805  ,40293500,80003947,40.49305556,-80.01096389,"(40.4930555555556,-80.0109638888889)"
45259,0,61000,N/A                     ,RAMP J RD         ,1021 RP.J S.B. O/ SR 4003,40293600,80004200,40.49333333,-80.01166667,"(40.4933333333333,-80.0116666666667)"
